hour_jst,station_pressure_hpa,sea_level_pressure_hpa,air_temp_c,relative_humidity_pct
1,1026.1,1027.9,11.3,72
2,1026.2,1028.0,11.4,68
3,1025.8,1027.6,10.7,72
4,1025.7,1027.5,9.9,75
5,1026.2,1028.0,10.3,65
6,1027.0,1028.8,10.4,63
7,1027.8,1029.6,9.2,73
8,1028.1,1029.9,9.8,64
9,1029.0,1030.8,10.3,65
10,1029.7,1031.5,10.3,61
11,1030.0,1031.8,10.0,64
12,1029.1,1030.9,9.7,66
13,1028.3,1030.1,9.9,62
14,1027.4,1029.2,9.7,63
15,1027.4,1029.2,9.2,65
16,1027.6,1029.4,8.8,64
17,1028.1,1029.9,9.0,65
18,1028.9,1030.7,8.6,65
19,1029.5,1031.3,9.0,62
20,1030.2,1032.0,8.4,62
21,1030.7,1032.5,8.2,63
22,1031.4,1033.2,8.1,63
23,1031.5,1033.3,8.2,61
24,1030.9,1032.7,8.2,65
